Model,Accuracy
RandomForest,0.8260869565217391
LogisticReg,0.8586956521739131
DecisionTree,0.842391304347826
SVM,0.8641304347826086
KNN,0.8858695652173914
GradientBoost,0.8695652173913043
