Model,Accuracy
RandomForest,0.8260869565217391
LogisticReg,0.8641304347826086
DecisionTree,0.7989130434782609
SVM,0.8641304347826086
KNN,0.8532608695652174
GradientBoost,0.8858695652173914
