Model,Accuracy
RandomForest,0.8260869565217391
LogisticReg,0.8532608695652174
DecisionTree,0.842391304347826
SVM,0.8586956521739131
KNN,0.8532608695652174
GradientBoost,0.8804347826086957
