Model,Accuracy
RandomForest,0.8858695652173914
LogisticReg,0.8532608695652174
DecisionTree,0.8043478260869565
SVM,0.8641304347826086
KNN,0.8641304347826086
GradientBoost,0.8804347826086957
