Model,Accuracy
RandomForest,0.8206521739130435
LogisticReg,0.8641304347826086
DecisionTree,0.7989130434782609
SVM,0.8641304347826086
KNN,0.8804347826086957
GradientBoost,0.8804347826086957
